"","pol_ok","color","bw","cond","prolific_id","age","gender"
"1","DEM",53.8,38,"core","6286c2dfba83b26f3e8f7bb5",25,"Non-binary / third gender"
"2","DEM",52,50,"core","643ab9200b81b8a5313adf17",61,"Male"
"3","DEM",57,45.8,"core","5d226ccd072b44001aaec601",36,"Female"
"4","DEM",44.8,25,"core","5e307edef5abed05e1736185",41,"Female"
"5","DEM",76.6,47,"core","62e02dd0f627ebffb011a0f6",37,"Female"
"6","DEM",56.8,52.4,"core","60fc91937ebd7bf510751ab3",20,"Female"
"7","DEM",73,64.4,"core","558ab509fdf99b65685f024e",37,"Male"
"8","DEM",35,25.8,"core","5d5b063e4c0011001904de43",34,"Female"
"9","DEM",72.8,42.8,"core","5dc0cc1f317aa4076275ddf9",25,"Female"
"10","DEM",85,71,"core","5fc27b5a13285c0008cc71ab",63,"Female"
"11","DEM",73.2,69.4,"core","5c56687227d2cd0001966c15",41,"Male"
"12","DEM",29.4,28,"core","63d71022458d51f8b3b9ce84",46,"Female"
"13","DEM",57.6,37.8,"core","630ab689392291ba70d7fd3d",21,"Male"
"14","DEM",80.2,47.2,"core","5d825b67d27dc700019110ac",37,"Female"
"15","DEM",51.2,39.6,"core","62fe6312269d0e4ae894297b",32,"Male"
"16","DEM",36.6,26.8,"core","5dc1c27fb3e5c212018d9e33",35,"Male"
"17","DEM",94.8,92,"core","613d46227c08cd3ecf3b0845",21,"Male"
"18","DEM",37.2,34.6,"core","6228f35da2410161a1221ac0",65,"Male"
"19","DEM",82,77,"core","59b9e2d3d9ebf90001840905",46,"Female"
"20","DEM",71,61,"core","63d7c8b24017a56bcc3affe2",51,"Female"
"21","DEM",60,36.8,"core","558af269fdf99b7dfef4d7bd",28,"Female"
"22","DEM",65.4,54.6,"core","6279c1daff96f85ae66373e0",36,"Female"
"23","DEM",76.2,48,"core","6108e0b9b254d1ce92a37b95",32,"Female"
"24","DEM",82,66.2,"core","604dff87be5115f1266d3963",60,"Male"
"25","DEM",73,30.4,"core","5ddd7db419eecbce5c2dbc6f",34,"Female"
"26","DEM",60.8,27,"core","61001f1b2e14b11d45ac093b",21,"Female"
"27","DEM",66.8,66,"core","63891bdb3ba6ac10865528f3",63,"Male"
"28","DEM",57.4,60.8,"core","5bd6b1636546650001036115",31,"Male"
"29","DEM",25.4,26.6,"core","62c55b19972274a6876f7627",30,"Male"
"30","DEM",50,28,"core","61083e5698eeef908c2d90c4",22,"Female"
"31","DEM",70.6,70.8,"core","6110b7bc1399b88a9243879e",20,"Female"
"32","DEM",56.6,44.8,"core","637eb25c87f98741f9619017",18,"Male"
"33","DEM",25.4,23.4,"core","6125b040ffa3c0b9e67b92c9",26,"Male"
"34","DEM",56,36.2,"core","5ba8e2d9127ccd0001b2e3cd",28,"Male"
"35","DEM",72.8,72,"core","6306679aefe2197ff06b2621",22,"Female"
"36","DEM",57.8,56.8,"core","5ec81f94ce3f412db210602c",35,"Female"
"37","DEM",65.8,59,"core","61007de25d1a5d74904865cd",28,"Female"
"38","DEM",27,13,"core","63ef5d25e9b2814388fe79d4",22,"Male"
"39","DEM",70,44.8,"core","60171277d472ae2062db3a35",38,"Female"
"40","DEM",33.4,25.4,"core","63d8956a043a2db1a5629061",38,"Male"
"41","DEM",56,48,"core","60ffab53df5c85e6d106a0d1",24,"Female"
"42","DEM",26.2,5,"core","6107720cff13015082b48f4a",23,"Male"
"43","DEM",34.4,34.6,"core","5d5be747b80b900015eda31e",33,"Female"
"44","DEM",52,46.2,"core","574dc90512d86b000f833ab0",36,"Male"
"45","DEM",90.2,52.8,"core","60ff78f6695b4e27b7eb17bb",25,"Female"
"46","DEM",69.2,45.4,"core","558966d3fdf99b74158d780d",39,"Male"
"47","DEM",71.4,53,"core","60e37439f7c69f9e2d4466eb",59,"Female"
"48","DEM",60.6,37.2,"core","565c931eba63db00051cd52d",30,"Male"
"49","DEM",34,27,"core","6130c9c7f70b6f67907d58d5",36,"Female"
"50","DEM",64.4,54.2,"core","62e42b7d3f1250f392bbb13e",30,"Male"
"51","DEM",42.4,39,"core","592f09f14217c40001a76e8e",44,"Male"
"52","DEM",46.8,24,"core","5484739ffdf99b0379939c95",34,"Female"
"53","DEM",75.4,50.2,"core","5d924b1fc48e5f0017ad2579",38,"Male"
"54","DEM",72,52.4,"core","63d1c1b521f75a8a9f14160f",51,"Female"
"55","DEM",83.4,74.4,"core","5ab09384e1546900019b154c",25,"Female"
"56","DEM",68.6,61.8,"core","5f89906b2a26920554a2c651",43,"Female"
"57","DEM",79.4,62.4,"core","628d5c6294846b1814f25d7e",55,"Female"
"58","DEM",56.4,31,"core","58a5cf959e040a0001399f07",30,"Female"
"59","DEM",100,100,"core","611db293a6a5db20c47ab430",53,"Female"
"60","DEM",61,17.8,"core","628f827eeb876ed2617881e7",32,"Male"
"61","DEM",64.6,37.8,"core","5cb0cfc643e80b00010a384b",39,"Female"
"62","DEM",38.6,35.2,"core","628c2454c8c66010dd87391d",32,"Male"
"63","DEM",38.4,28.4,"core","5abc3250a3ba7a0001b44c37",27,"Male"
"64","DEM",56,38.6,"core","63a92e2605e59f352e566b83",49,"Female"
"65","DEM",90,81,"core","5fdbdc853ce8060db67cf718",50,"Female"
"66","DEM",51.8,38,"core","626c97fd7c909c3ae9d5a5b2",52,"Female"
"67","DEM",62.8,46.6,"core","62fcdbdd2bc88e5f058ca548",45,"Male"
"68","DEM",68,52,"core","5d49e0a96f4b310001c124bf",43,"Female"
"69","DEM",46.4,61.8,"core","628670c8e05972777725990b",33,"Male"
"70","DEM",24.6,12.8,"core","5c75471e5eb59f000131c7a4",39,"Female"
"71","DEM",43.4,44.2,"core","5f0144a4a28292298e381c49",21,"Female"
"72","DEM",62.4,65.8,"core","614f9a284f135b4da3329968",28,"Female"
"73","DEM",85.2,60.2,"core","60fdc73e9fc2f113dc1ff96d",26,"Female"
"74","DEM",74.6,43.6,"core","614cd9dba2dad462039739cf",19,"Female"
"75","DEM",57.2,40,"core","615dd1eb2702a672f7db49f1",37,"Female"
"76","DEM",74,53.2,"core","63d2d8a78197f0f6168543b1",57,"Female"
"77","DEM",42.4,30.4,"core","6400daa477149fbfbc36f6c3",39,"Female"
"78","DEM",40.4,15.2,"core","5f3af0d80bf2cb7a4b024a91",31,"Male"
"79","DEM",69.6,51.4,"core","6101930ddd5330f83b898c61",21,"Female"
"80","DEM",57,47.2,"core","5ebca40606c6fe000da5f510",24,"Male"
"81","DEM",30.8,16.2,"core","5e93e2a7a5de13720dffc7f9",46,"Male"
"82","DEM",63.8,55.6,"core","629e174501ca06c57849b55a",33,"Female"
"83","DEM",96,96,"core","5fc2a5c0ddfca10169395662",41,"Female"
"84","DEM",78.8,61.2,"core","5f1319143fdcd700091a41d4",33,"Female"
"85","DEM",86.6,84,"core","605220735560745cf0a16a80",43,"Female"
"86","DEM",67.6,37.8,"core","5c1ebf5f658e9200017ae7e9",45,"Female"
"87","DEM",23,17,"core","633c7424294f7a26710ca395",38,"Male"
"88","DEM",57.8,44.6,"core","610844f642f52bbd2a4cbdcf",20,"Female"
"89","DEM",37.6,36.2,"core","5bf1f1cd7c3874000169ea98",60,"Female"
"90","DEM",22.4,22.4,"core","6111a6b56d3930e2472cc673",54,"Female"
"91","DEM",61.6,47.4,"core","581649f0b434f0000184d2a9",30,"Female"
"92","DEM",28,17.8,"core","5fee8b79937861cc10dff60f",25,"Female"
"93","DEM",69.6,63.2,"core","61644b17ec9f97f7485d5624",28,"Female"
"94","DEM",49.4,37.4,"core","63d570d979c31656fece7c7d",64,"Male"
"95","REP",48.4,25.8,"core","60528727a8bd70153578f03a",37,"Male"
"96","REP",60.6,61.6,"core","5e9fc65dee2ccf178f0e413f",54,"Female"
"97","REP",33.2,22.2,"core","6108708cc133f82c35c00f12",25,"Female"
"98","REP",36.6,27.8,"core","632dd45fb49858b31338c11c",41,"Male"
"99","REP",67.4,60.6,"core","5d54b73f1c1de70015d50959",39,"Female"
"100","REP",77.2,71.2,"core","642ae58a4893939dd32fd402",65,"Female"
"101","REP",77,72,"core","638bb18e1bd657c755e5148f",52,"Female"
"102","REP",54.4,49,"core","616c4f1eacaf6dcc36160230",50,"Male"
"103","REP",45.2,45.2,"core","5c800507a1d4b900114f28c4",31,"Male"
"104","REP",94.2,76.8,"core","6400ecbadb689f8ef8964726",46,"Male"
"105","REP",57.8,47.6,"core","63d698af12a4d488c5fdf05a",35,"Male"
"106","REP",97,97,"core","6126ecc3ebef11936ed8bfcb",49,"Female"
"107","REP",40.6,24.8,"core","613930f9c3c440ef9a34bf02",61,"Female"
"108","REP",61.2,36.6,"core","61fa92365719bc09cb8349bf",49,"Male"
"109","REP",14,14,"core","6313a3d93104022e9b8a7318",38,"Male"
"110","REP",23.8,16,"core","5c506a7b8ac59200014d05da",61,"Male"
"111","REP",63.4,63.4,"core","63ed04d2ce3b27bda2fbbb9c",56,"Male"
"112","REP",100,100,"core","603202f68083d81c26b50318",60,"Female"
"113","REP",55.8,54,"core","63bda53b525aeabb92ddd6ec",41,"Female"
"114","REP",69,59.8,"core","60ca4cfb5c287146cad0695a",39,"Male"
"115","REP",58,30,"core","631b2f98d51d9e3d6ddc87d5",25,"Male"
"116","REP",68.4,62.4,"core","631d197eba06364cbea7fab2",34,"Female"
"117","REP",42.8,37.2,"core","5c0382381a20110001e98d1b",33,"Female"
"118","REP",77.6,58.2,"core","6383c45c33cfe57f57d049a9",53,"Female"
"119","REP",38.8,29,"core","60eb1a7c95641da67ae7d611",63,"Female"
"120","REP",59.6,39,"core","629753864174e42d30576cf8",21,"Male"
"121","REP",54,58,"core","6287a8c4a6303ff156cd0853",59,"Male"
"122","REP",72.2,61.4,"core","5fc2c0cfdb80f9025c6b4810",32,"Female"
"123","REP",64.4,65,"core","64385d841e0d55be48c9c8e4@email.prolific.co",57,"Female"
"124","REP",37.4,32.4,"core","6400df7ae45255e4b745813e",53,"Female"
"125","REP",86.4,85.2,"core","568e7e33e3ef9e000da202a7",57,"Female"
"126","REP",34,36.6,"core","61206e8d3e6a6ccdd064637c",61,"Male"
"127","REP",34,30,"core","55a7f195fdf99b7508d7d886",34,"Female"
"128","REP",97.4,97.6,"core","5842fc63bd63a400010f6ae7",50,"Female"
"129","REP",33.4,31.4,"core","5ea120ed66031912aea618ae",49,"Male"
"130","REP",22.6,20.6,"core","5c1655c7ad682500017070d2",34,"Male"
"131","REP",41,41,"core","5dd1dc9110420023be388e5d",46,"Female"
"132","REP",16.6,10.2,"core","63ea52d4549d0071da52a3e9",43,"Male"
"133","REP",85.4,80.4,"core","5d89106d1719af0001ee23e5",50,"Female"
"134","REP",51.8,39,"core","628fb69f72e574bb9a8c1a47",37,"Male"
"135","REP",64.2,55,"core","63c1d184883ce15537788b40",47,"Male"
"136","REP",68.8,56.4,"core","61283769a39dd638c256540c",46,"Male"
"137","REP",43,42,"core","5fee4a12069e3b0c91f2531f",42,"Male"
"138","REP",36.4,28.8,"core","6306d4da805f2e38a841c3ad",26,"Male"
"139","REP",43,43,"core","5e5553e6bcdb1e55a43c78f7",63,"Male"
"140","REP",29.6,28.4,"core","604b9e6373c491acd8aec923",43,"Male"
"141","REP",50.2,39.4,"core","5dcc27974b54778b69e62ec5",47,"Female"
"142","REP",62.6,51.6,"core","64135be5ff706a3ee3b4425d",31,"Male"
"143","REP",36.8,24.2,"core","60feef54a8eb05768611cac3",20,"Female"
"144","REP",92.8,90,"core","5a21f078a7788f000144aa76",50,"Female"
"145","REP",47,43.2,"core","6025c9a968a5981db3f9159c",32,"Male"
"146","REP",74.2,53.8,"core","5c69f6b01b9d0e000190b438",32,"Male"
"147","REP",62.8,51,"core","5d849ee0a954540019f513dd",33,"Female"
"148","REP",49.2,56.2,"core","5f82567f1e720a3842580d23",62,"Male"
"149","REP",55.6,39.2,"core","55a29659fdf99b5ff49937d3",47,"Female"
"150","REP",21.6,17,"core","5ee4b29de1640f1bc85da97b",61,"Male"
"151","REP",65.2,63.6,"core","5c7cf8b58ca9000001b52f6e",31,"Male"
"152","REP",100,100,"core","59565b1bbbb52400017ad4e1",52,"Female"
"153","REP",35.4,32,"core","63d55db1731b88a76c329bfa",34,"Female"
"154","REP",86,83.2,"core","58595b56a3149800011e156e",52,"Female"
"155","REP",62,60.8,"core","60abe580aa82f25a7acc9800",36,"Female"
"156","REP",84,69,"core","5f4a835e9e84256238129995",32,"Female"
"157","REP",67,55.4,"core","5fc1e71eff237c1f8708ef5a",26,"Male"
"158","REP",87.4,80.8,"core","63eceb160f69b779c757c48b",59,"Female"
"159","REP",68,57,"core","5d3695969749cc00165c222f",27,"Male"
"160","REP",56,55.2,"core","62dd9f33ad57b611f57ac39c",49,"Male"
"161","REP",46,48.4,"core","634696400ff1ac25ed01ad11",42,"Female"
"162","REP",53,53,"core","606479c20b621e3a22d6c0d5",57,"Male"
"163","REP",43.8,25,"core","58a623e90da7f10001de8553",57,"Female"
"164","REP",78.2,80.2,"core","5e0f51826f6d3e66045b8feb",44,"Female"
"165","REP",22,19.6,"core","5e8b89d0afcb1606e761ef7f",34,"Male"
"166","REP",42.4,28,"core","5ca3d57fa29412001687031e",62,"Male"
"167","REP",29.6,18.2,"core","63e51f16e14600b1a566712b",30,"Male"
"168","REP",54,49.8,"core","5d71555a7e53bd000148c016",33,"Female"
"169","REP",66,64.4,"core","63c068ce0fbe9f6e7790e09d",53,"Female"
"170","REP",53.8,47.4,"core","5dd438b65a40f24302c09c2d",56,"Male"
"171","REP",48,41,"core","62c4b2239cc3b1f5f6194362",36,"Male"
"172","REP",48.8,50.2,"core","63d7fb6ee49281f6c41d6630",27,"Male"
"173","REP",29.6,24.2,"core","5c8be0dd542fbd0016924f5f",32,"Male"
"174","REP",67,57,"core","5c12f106c4b80e000192c472",61,"Female"
"175","REP",90,80,"core","63e70b13dee58bfc12d56f62",62,"Male"
"176","REP",57.6,52.6,"core","642c3fea4a786dc7a85d4f5d",50,"Male"
"177","REP",73.4,49.8,"core","612053690485b0b2420a03fd",44,"Female"
"178","REP",79.8,58.4,"core","5eeaa8ee94a7f8046a02a20d",39,"Male"
"179","REP",70.4,51.4,"core","5b06c34ed424fd0001eebda1",36,"Male"
"180","REP",83,71.6,"core","61033d9c3b5089b8eddd61a5",23,"Female"
"181","REP",32.6,30.4,"core","614f3e97778b4788ee17e8e7",54,"Male"
"182","REP",52,26.6,"core","5c9527e29e4f7400011e1571",49,"Female"
"183","REP",44.6,36,"core","62f716849a6ee6e7e2f5a948",34,"Male"
"184","REP",73.2,57.6,"core","5f0e9896f5e4e11e12c8f5ac",24,"Male"
"185","REP",63.4,44,"core","5f3153a6180dcf0d8dd72a45",39,"Male"
"186","REP",21.2,17,"core","63d81536c5a4168b44c70df2",22,"Male"
"187","REP",61.2,60,"core","5e264669d9ab6089713dc62f",47,"Female"
"188","REP",53,35,"core","6413f77e3147572471197fe7",21,"Male"
"189","REP",55.4,49,"core","62fdcda607c1d770ba1c6da8",38,"Male"
"190","DEM",65.8,62.2,"moral","6290c6d191ba8fb0309ebfc9",26,"Male"
"191","DEM",90,90,"moral","5d072cb1ffd6f0000150a7a3",57,"Female"
"192","DEM",75,75,"moral","5be0f2c478a95e000186d639",36,"Female"
"193","DEM",51.6,61,"moral","610a40ffbf11d261514a7c0a",37,"Female"
"194","DEM",64.8,61.6,"moral","600735ac42969f1dbea8a16f",31,"Male"
"195","DEM",87,85,"moral","63ea4d8e84be50666e5e2bd6",30,"Male"
"196","DEM",68.4,68.6,"moral","5d0c3381da7493001ab3a903",41,"Male"
"197","DEM",72,72,"moral","5eaf2b7e05ff7862e21e9d3b",43,"Female"
"198","DEM",64.2,74.2,"moral","6400d8a5a63c1b229c841b29",39,"Male"
"199","DEM",81,67,"moral","5d510396f6725b001a4fc025",24,"Non-binary / third gender"
"200","DEM",72.8,68.4,"moral","6400eec38e0aa21ec536a8d4",37,"Female"
"201","DEM",82,83,"moral","62a71eebc15351df4bddd9f8",26,"Male"
"202","DEM",82.6,78.6,"moral","631a671f6dce7ca99b95bc65",21,"Male"
"203","DEM",52,49,"moral","5e97a2d74cb72e263342ecc9",30,"Male"
"204","DEM",92.8,94.6,"moral","6107eea10c878cfd936ad454",24,"Female"
"205","DEM",98.6,87.8,"moral","5dd864447beb29822b6c1e86",32,"Female"
"206","DEM",98.8,98.8,"moral","60feb2be3bb57f04327c03f4",51,"Male"
"207","DEM",98,97.2,"moral","574cca765e5491000f3c89e0",61,"Male"
"208","DEM",95.6,94.6,"moral","5fff542aeed8c2065133114e",26,"Male"
"209","DEM",77.2,75.8,"moral","5d14de777091ed0015774f0f",22,"Female"
"210","DEM",83.4,83.2,"moral","60fccd0884825ca3d0c967ea",31,"Female"
"211","DEM",86.8,87.2,"moral","5f511ab38505ac2e8fbfac5e",24,"Female"
"212","DEM",86.6,85.6,"moral","5a9d7b894eecca0001dd99ee",29,"Male"
"213","DEM",89.2,83.6,"moral","5b6dbd2384a7760001c9c7fd",20,"Male"
"214","DEM",94.4,94.4,"moral","60ce9fa3d9f9a088647a62ba",31,"Male"
"215","DEM",100,100,"moral","5af514d386fd9c0001664c92",28,"Male"
"216","DEM",76.6,73.6,"moral","5deb3c192235ad24f4a21826",29,"Female"
"217","DEM",88.2,88.2,"moral","5f4e5470ade9a50008e5df29",40,"Male"
"218","DEM",75.6,73.8,"moral","63d141339838c9335748ba70",28,"Female"
"219","DEM",70,68,"moral","6073640883b8547a9b73569a",44,"Male"
"220","DEM",64,46.8,"moral","62edce26c1d65ee73ba6a456",26,"Male"
"221","DEM",68,67,"moral","5d8793d36c53380015139da9",25,"Male"
"222","DEM",82,82,"moral","611bd6da73757bf5ad0ced0a",31,"Female"
"223","DEM",88,88,"moral","602f22ad45a7dbbee7293754",41,"Female"
"224","DEM",64.6,65.6,"moral","63deeebc2822414d8f9e5958",51,"Male"
"225","DEM",92.8,91.4,"moral","62cbf0a272c4c044c572343c",36,"Male"
"226","DEM",82,82,"moral","63c38dfca628b972e69e8a87",35,"Male"
"227","DEM",98.2,99,"moral","60c847e9a5930ff7e5ace6e7",24,"Female"
"228","DEM",92.4,92.8,"moral","5ec47b2d91b37736ce88f3d6",27,"Male"
"229","DEM",80,84.2,"moral","5da689dc1ce19b0016500435",29,"Female"
"230","DEM",66.2,66.6,"moral","56a68bb49ce1c0000df89344",34,"Male"
"231","DEM",60,60.2,"moral","5c49484a6d9ae80001a1aa72",44,"Male"
"232","DEM",88.4,80.6,"moral","6294b821d26b79a4a663aa30",32,"Male"
"233","DEM",88.8,87.8,"moral","5a16f199fe645f0001ea039c",50,"Female"
"234","DEM",91,91,"moral","6034badeb512f97ce3682dc7",47,"Male"
"235","DEM",87,86.6,"moral","62a73647a057bfcf74a8d20a",27,"Male"
"236","DEM",99,97.4,"moral","5e8519a0da382910980598ad",46,"Male"
"237","DEM",88.8,89,"moral","62ef8372cd41d2893d237b6b",26,"Male"
"238","DEM",73.8,74.8,"moral","578d3224900cc80001d2e704",36,"Male"
"239","DEM",98,98,"moral","60fd7a2e87c9ecc26cae5ac7",58,"Female"
"240","DEM",93.6,90.6,"moral","57a2caf8275be6000135b3aa",31,"Female"
"241","DEM",67.4,63.2,"moral","5eb0deb2bd00da19c156f390",35,"Male"
"242","DEM",90.6,89.8,"moral","63b6ffb02943686f4f354741",31,"Female"
"243","DEM",86.4,81.6,"moral","62686fdb4b7b799abadf0303",54,"Female"
"244","DEM",86,86,"moral","601373dbd735b324b32818bd",33,"Non-binary / third gender"
"245","DEM",69.2,70.4,"moral","613b9a3ff0c8f9557a11b295",20,"Female"
"246","DEM",57.4,64.2,"moral","5ad06e7bd9f7470001db09af",35,"Male"
"247","DEM",87.2,89.2,"moral","62c6ff08253faea76eb548ed",29,"Male"
"248","DEM",93.6,93.4,"moral","5e65061173afb2277765b53b",34,"Female"
"249","DEM",48.6,54.8,"moral","632be0bcdec1f14421c64dc2",34,"Male"
"250","DEM",96,96,"moral","5c7d6064f066ff001468d0f5",22,"Male"
"251","DEM",77.4,77.6,"moral","61033627c32742424aeaaac1",20,"Female"
"252","DEM",98,97.8,"moral","62b8a08a9ff4c7c019c33208",59,"Female"
"253","DEM",95.2,93,"moral","5e9a2f95fe11450cc4a6b2be",34,"Female"
"254","DEM",81.8,81.8,"moral","5dc1d16946c7ba134f6626bc",33,"Male"
"255","DEM",97.2,96.4,"moral","62fbb573cdd8312d26b94ae1",31,"Male"
"256","DEM",86,86,"moral","62dea723c6db0370fd6c8229",61,"Female"
"257","DEM",82,85.8,"moral","5966886dee2508000108b02c",34,"Female"
"258","DEM",52,44.4,"moral","632bf0c833cf500d10aeb279",22,"Male"
"259","DEM",97.2,96.6,"moral","62c66885ba0578c9b5a0e4ae",29,"Male"
"260","DEM",53.8,58.4,"moral","582627e157062600014023a1",36,"Male"
"261","DEM",98,94,"moral","64139a312c580091ad6d3cde",36,"Male"
"262","DEM",46.4,44.4,"moral","5f9fdfd04296cb0102563f84",34,"Male"
"263","DEM",61.2,62.6,"moral","59aaf1705e7f4800010eeec7",43,"Male"
"264","DEM",90.4,88,"moral","63d81bc7c218d6206ae6689b",50,"Female"
"265","DEM",71.6,71.6,"moral","5cb4c5bad44c410017960aa0",54,"Female"
"266","DEM",48,48,"moral","63d1401242635aaffe867c4c",41,"Female"
"267","DEM",82,82.6,"moral","63d406ab325112a09fb0d31b",31,"Male"
"268","DEM",100,100,"moral","54ea5b40fdf99b768609982f",34,"Male"
"269","DEM",93.6,94,"moral","5de32329b5bed7350391666c",32,"Male"
"270","DEM",91,91,"moral","60455511710c89680924f7ac",39,"Male"
"271","DEM",69.2,69,"moral","63d80b500adef5b476e289a4",36,"Male"
"272","DEM",96,99.6,"moral","63d3fbb2e822fa8e7bfe8511",23,"Female"
"273","DEM",100,94.2,"moral","6100073943fa0309e141f522",21,"Female"
"274","DEM",83.8,83.4,"moral","5d69ac222b85a000015e352f",36,"Female"
"275","DEM",87.2,81.4,"moral","610035a12dbf2a8fbd472a93",24,"Female"
"276","DEM",86.2,80.2,"moral","5f1703a31ea06d025b729ad9",24,"Male"
"277","DEM",88,88,"moral","59d0ec2446447f00011f0254",40,"Female"
"278","DEM",72,72,"moral","636147ee17c4df2ebf189cf5",24,"Male"
"279","DEM",94.2,96.2,"moral","BEA56FC9FF774E11A4328B2B1375983D",38,"Male"
"280","DEM",98,98,"moral","5f3971293b5b140d6d884aa2",47,"Female"
"281","DEM",92.2,87.8,"moral","63b6dab91b4487aede17f891",35,"Female"
"282","DEM",100,100,"moral","5a0af6457ecfc50001be11da",44,"Female"
"283","DEM",53.6,45,"moral","5d4a41890e604c00011ade8b",27,"Male"
"284","REP",100,100,"moral","6272ae90bcc3709d723d1d2b",58,"Female"
"285","REP",100,100,"moral","5c3ed962c2d0b700017cd343",30,"Female"
"286","REP",95.2,94.8,"moral","62b1ed31eaaaa61b18c69032",35,"Female"
"287","REP",60.2,62.4,"moral","5f7dd6ed4303f7000814dd3b",35,"Female"
"288","REP",63.2,64,"moral","56802e5fc5767f00121cc6a0",65,"Male"
"289","REP",92,91,"moral","5dedb806838b4f46c8d183a5",42,"Male"
"290","REP",83,83,"moral","5af835d8e19f8c00019e6dc0",39,"Male"
"291","REP",71,74.4,"moral","61099ee4d51295e931efef6e",28,"Female"
"292","REP",76.2,78.4,"moral","5d824fa9be1eee0016258e42",41,"Female"
"293","REP",52,63,"moral","63d6ffe31d0f4bc7fad6c995",37,"Male"
"294","REP",90,90,"moral","5b1505b69663ee0001463400",36,"Female"
"295","REP",76.6,73,"moral","627e806c3aed88dec8b99815",54,"Male"
"296","REP",77,76,"moral","5b930530ba30ad0001e0a126",38,"Female"
"297","REP",14.2,11.8,"moral","568e7144e3ef9e000da20149",39,"Male"
"298","REP",87.8,87.8,"moral","60fce46d5f102e4aeda4ab8e",20,"Female"
"299","REP",90.2,86.2,"moral","63dd426e29d6cd9a09fdc774",52,"Female"
"300","REP",63.2,68.8,"moral","5f5ce7f940a2614f6cb6e747",37,"Female"
"301","REP",94.2,93.8,"moral","5ba19bdfa896050001d51f18",41,"Male"
"302","REP",100,100,"moral","5fc6a3c3f7ddee03573bdd6c",34,"Female"
"303","REP",56,60,"moral","630e2acdb76b29b94ceecff1",59,"Male"
"304","REP",79,76.8,"moral","60d64ec5cf4d757686ac4f14",20,"Male"
"305","REP",76,85.2,"moral","63ed0ed001893f9028e06e41",20,"Male"
"306","REP",83.4,85.6,"moral","63cff262503b56190be3eb18",31,"Female"
"307","REP",75,73.6,"moral","63e63f77c742a91baf498dd0",34,"Female"
"308","REP",39,40,"moral","6088acc5decc809dbe82850b",52,"Male"
"309","REP",95,93.8,"moral","63ea4301f63c1d26f0ff83e9",45,"Female"
"310","REP",57.8,57.6,"moral","62b077136224952ffd679d48",44,"Male"
"311","REP",48,40.2,"moral","603ecd847a63f50124aa5822",27,"Male"
"312","REP",45.8,45.4,"moral","5f0c7ea47cf1495f4587f741",46,"Female"
"313","REP",80.4,80.8,"moral","631819e1a694706e19cb6247",31,"Male"
"314","REP",60.2,60,"moral","63978402e524eebeace93868",58,"Female"
"315","REP",51.4,52.2,"moral","60fcd2e26a72c518d0b60738",46,"Female"
"316","REP",96,96.4,"moral","6428a9d34890ddbe5dd57fb0",55,"Male"
"317","REP",89,87.6,"moral","60fe076cdaf85311b32cb6a0",61,"Female"
"318","REP",83.2,86.2,"moral","60fcdb9569a7966b511cf122",28,"Female"
"319","REP",81,81,"moral","640e54837a907926a3ee82aa",25,"Male"
"320","REP",97,96,"moral","5fc6e3a0040c3f0e7cb45c8a",33,"Female"
"321","REP",56,57,"moral","602e3638f2520292bac1d5d9",42,"Male"
"322","REP",72,72,"moral","5fd67cce91f9895969c0edee",32,"Male"
"323","REP",58.8,51,"moral","614e2446523bb49af662fb62",30,"Male"
"324","REP",80,80,"moral","63fe65bdfad2487269dc02b5",38,"Female"
"325","REP",88,91.6,"moral","63d13ed97b500fd99ee7dfd3",45,"Male"
"326","REP",95.8,90.6,"moral","5c926d2a0ae1ea00156f71a0",64,"Female"
"327","REP",56.4,53.2,"moral","6361a8a745dd1d5d6f192d36",39,"Male"
"328","REP",87,95,"moral","5e8a26247ad7526bf85abbff",25,"Male"
"329","REP",54,54,"moral","62dc177e02f82aabb20aebc2",63,"Female"
"330","REP",64.2,61,"moral","60b90bf940e0f327c4c27c39",24,"Male"
"331","REP",60,57,"moral","63e589c58e069e904b031beb",36,"Male"
"332","REP",86,76.8,"moral","5825dc1f7fcbaa000134776e",64,"Male"
"333","REP",57,57,"moral","63f7e098e99a7db2d59ac6ce",34,"Male"
"334","REP",89,89,"moral","63440b43f8450ab14696f628",30,"Male"
"335","REP",62.2,59.4,"moral","5dedf76558776a4a4a845c68",50,"Male"
"336","REP",56,51,"moral","636181cafa036fd02cb083db",33,"Male"
"337","REP",100,100,"moral","5f14b46fefc95253caca20b4",45,"Female"
"338","REP",90,80,"moral","5fe3f78843c57817126e10b2",40,"Female"
"339","REP",100,100,"moral","5b98940f754b700001f0f15c",57,"Female"
"340","REP",78,78,"moral","5f276d8f38b9f857f5cebf21",37,"Male"
"341","REP",94,90.2,"moral","5b21c4ab31d0080001b9f55e",26,"Female"
"342","REP",93.8,93.8,"moral","622a02a1214562da8abfba19",55,"Female"
"343","REP",96.2,90.8,"moral","5ca8ffbec942ab0016cfe9d2",50,"Male"
"344","REP",83.2,82,"moral","63c40b98533b26ec941005c3",25,"Male"
"345","REP",90,90,"moral","5cb67a7ab73e8a001507fae5",52,"Male"
"346","REP",74.2,69.8,"moral","63f8007b182110acc2ea80d5",18,"Male"
"347","REP",89.6,88.4,"moral","62a1ed3d1357f3e033ae44f9",23,"Male"
"348","REP",75.2,75.4,"moral","636154c9faf44aa44a14d155",27,"Male"
"349","REP",87.4,81.8,"moral","5ddee8912e6c77e798b5882f",23,"Male"
"350","REP",84,83,"moral","62fbdda6e4b5a034b71296f8",30,"Male"
"351","REP",40.8,39.2,"moral","5dd42e7f35cf744223c60d1b",44,"Male"
"352","REP",83.6,82,"moral","5ffd530863b06e2247f69652",34,"Male"
"353","REP",46.6,47,"moral","559ffa9bfdf99b0ad674856a",37,"Male"
"354","REP",56.8,58.6,"moral","63a4af8f8b8722876fa88952",61,"Male"
"355","REP",60.8,61,"moral","5898b6e256357700011c2c6b",65,"Male"
"356","REP",78.4,80,"moral","5d61a3001c84fc001780f4ad",23,"Female"
"357","REP",74,74,"moral","6394e32126ebbdc7b10c6748",60,"Male"
"358","REP",45.8,46,"moral","6400dd2b5b4a2803b2fce1dc",23,"Male"
"359","REP",74.4,74.2,"moral","60edac884fef13c0b0660daf",38,"Female"
"360","REP",57.8,56.6,"moral","5bd0d9bf25db7b0001786a5b",47,"Male"
"361","REP",80,80,"moral","56e130548b1c33000a388671",29,"Male"
"362","REP",96,100,"moral","58a2788898124900015923bf",48,"Female"
"363","REP",96.2,96.2,"moral","63cac85f8519383ef0422593",56,"Male"
"364","REP",78.6,80.2,"moral","641361334c91a0c6ff4c5b79",26,"Male"
"365","REP",53.2,55.8,"moral","5c26b50d1fc74500017cc346",41,"Female"
"366","REP",100,100,"moral","63d82317948bd2d1fe33a659",32,"Female"
"367","REP",86.8,78.4,"moral","63fb75c514efb2d591c8068d",60,"Male"
"368","REP",77.8,78,"moral","5d35eb93695503001c6d04ef",52,"Female"
"369","REP",88.2,87.8,"moral","5dcc90820a493f92d077d6ec",22,"Male"
"370","REP",88,89.4,"moral","63ea751b7686e752f5ef78b2",65,"Male"
"371","REP",94,96,"moral","63644514902f60174b4b29a1@email.prolific.co",59,"Female"
"372","REP",88,83.6,"moral","643a058e5fe260cc7cbc2593",55,"Male"
"373","REP",64,64.8,"moral","5fdac85f90a6137a11b4a415",35,"Female"
"374","REP",61.2,65,"moral","61036c39549abd4fa911d139",41,"Male"
"375","REP",80,85.6,"moral","6413788e21e4ee4f2dc16daa",23,"Male"
"376","REP",49,51.6,"moral","63312f0451ba56e5a520eb62",40,"Male"
"377","DEM",94,87.8,"polit","63e52b2b3d5d38bedb4fc973",39,"Male"
"378","DEM",24.8,19,"polit","63d567598e224a06d592026b",36,"Female"
"379","DEM",68.6,57.4,"polit","612bbf7f2777e375241f0f45",21,"Female"
"380","DEM",3.8,5.6,"polit","5f405adcda0ade19c87826bd",33,"Female"
"381","DEM",0.8,1,"polit","6071f7cefcd050957af2f55f",25,"Male"
"382","DEM",10,25.6,"polit","63c33dbeafd7d78af44209d5",35,"Male"
"383","DEM",25,22.6,"polit","61085e1d7ca11d3b2a46930c",29,"Female"
"384","DEM",64.8,51.4,"polit","636148a08e1e96b962192d3f",33,"Non-binary / third gender"
"385","DEM",56.6,44.6,"polit","5e9a85295bb4c912892ff75f",34,"Male"
"386","DEM",91.8,89.6,"polit","5f39ae82822a9e558a63d053",32,"Female"
"387","DEM",58.6,56,"polit","5dc4a52b655ad2371b62dfd1",42,"Female"
"388","DEM",67.2,69,"polit","63d4351c19d2f4fb2c92029d",40,"Female"
"389","DEM",74.6,62.4,"polit","5723d6abccc7cc00086bb0d2",31,"Female"
"390","DEM",0,0,"polit","570d891d42a1db000fc65b4d",46,"Female"
"391","DEM",70.8,69.2,"polit","5faeb8eb6562cd0163f216ec",28,"Male"
"392","DEM",18.2,18,"polit","5e9de42d6af8f2148b67cbb6",21,"Female"
"393","DEM",53,52,"polit","5ce4c8341bf7c9000150592e",26,"Female"
"394","DEM",65.4,63.4,"polit","62d78ec8555d2bb8098f157e",49,"Female"
"395","DEM",59.2,52.8,"polit","5695615ce0c800000c5a4a8f",33,"Male"
"396","DEM",100,100,"polit","5cfe79d535026c001a0d829c",36,"Female"
"397","DEM",96,96,"polit","61128c2c056a6993a3868078",37,"Male"
"398","DEM",20,12,"polit","5fecf6e660d5fba3b127a9c4",25,"Male"
"399","DEM",22.6,22.4,"polit","5c2d187569ceff00011417de",36,"Female"
"400","DEM",24.4,15.8,"polit","63179ee78e1aa91bf9e14eec",36,"Male"
"401","DEM",95,96.8,"polit","61094e6cb882097f8addfd0f",38,"Female"
"402","DEM",71.6,60.2,"polit","5c7de839b3af1b0001984524",31,"Male"
"403","DEM",0,0,"polit","5d1653de3935ca001b87ff71",28,"Male"
"404","DEM",70.8,77,"polit","63d3f97ef50ccec299f4042f",31,"Male"
"405","DEM",85,84.6,"polit","6306d39340264f76753706fd",27,"Male"
"406","DEM",39.6,39.8,"polit","5727e394c68b5a000e397d8c",38,"Male"
"407","DEM",36.6,39,"polit","5defad479db50d000d727ed1",42,"Female"
"408","DEM",100,100,"polit","5d1c0da8601cd70001728eac",27,"Female"
"409","DEM",90,90,"polit","558de4bffdf99b0cad9683ba",64,"Female"
"410","DEM",64,64,"polit","5aa3eff9873cda00010d570f",41,"Male"
"411","DEM",68,67.8,"polit","61523a4c57654b5cb6b7c5b0",64,"Male"
"412","DEM",70,71,"polit","60fcd2c0ef92b8427c66e83a",22,"Female"
"413","DEM",83,82,"polit","5ed1d52eea444913b2d4576d",22,"Male"
"414","DEM",59.2,71.8,"polit","581d50e882c5aa000132ce4f",36,"Male"
"415","DEM",54,54,"polit","6298dd311a003b986813851b",40,"Male"
"416","DEM",61.8,53.6,"polit","5c48d9b3cd853b0001287890",31,"Male"
"417","DEM",14.6,13,"polit","626c10f079cdf71ed9128bfd",49,"Female"
"418","DEM",55,55,"polit","62edced11d9948c019253ff6",21,"Male"
"419","DEM",92,92,"polit","63d569384ae2cf6d4dce7c32",48,"Female"
"420","DEM",65,64,"polit","5f7be8d90459e01df67d8d19",35,"Female"
"421","DEM",100,100,"polit","63f919b924be75908b13bc1b",34,"Male"
"422","DEM",90.6,93.4,"polit","63d2c192777fb7d26c001146",56,"Female"
"423","DEM",50,50,"polit","600628028f2211980fd1632c",29,"Male"
"424","DEM",77.2,74,"polit","60494c91fef2a2ca094e8613",31,"Female"
"425","DEM",0,0,"polit","6400fe4c3c456ce3f67299fd",41,"Male"
"426","DEM",64.2,62.6,"polit","6144f7e2bf25aad25ae610a1",58,"Female"
"427","DEM",100,100,"polit","61bb3a4f40db417c1a138ff4",23,"Female"
"428","DEM",64.6,63.4,"polit","5f5be09e16b98d18b3d213db",26,"Female"
"429","DEM",29,27.6,"polit","611994820071da2beee434ea",25,"Female"
"430","DEM",70.8,69.8,"polit","5dd3205a523df033442e19da",33,"Male"
"431","DEM",98.2,100,"polit","5c4a4b329ba9e00001ffc4f3",42,"Male"
"432","DEM",31,30.2,"polit","5e45db9c36b2e20888a64f5f",24,"Female"
"433","DEM",1,1,"polit","5b915c9d22d85d000115c0f5",37,"Female"
"434","DEM",78,81.4,"polit","5d801be659e51300155599f8",49,"Male"
"435","DEM",14,14,"polit","61670b499c1bc22ba3a7b588",47,"Male"
"436","DEM",23.8,27,"polit","610e6880f784d836a872a9a5",38,"Female"
"437","DEM",100,100,"polit","588e251908e6b200011a7253",36,"Female"
"438","DEM",100,100,"polit","55885869fdf99b4020ba0b64",28,"Female"
"439","DEM",36,36,"polit","633e327052bcc8b44d6e0d2c",53,"Male"
"440","DEM",88,88,"polit","5f3473b0edba9239de777f84",26,"Male"
"441","DEM",88.4,88.4,"polit","6099cd576086c446e03ee629",42,"Male"
"442","DEM",45.2,49,"polit","55bb9ae7fdf99b26d27fda01",36,"Female"
"443","DEM",77.4,78.6,"polit","5e9df26707933e1720927fee",41,"Male"
"444","DEM",23.4,22.8,"polit","5d6807f9778de5001a120d9a",38,"Male"
"445","DEM",84.4,80.2,"polit","5f48aadb6432ef37397408ca",21,"Female"
"446","DEM",98.4,97.4,"polit","610decef66e40420979d76ef",19,"Female"
"447","DEM",100,100,"polit","611830fe665c7b68723910b3",46,"Male"
"448","DEM",95.6,93.8,"polit","612568764b0193f4200118de",25,"Female"
"449","DEM",71.4,65.6,"polit","568c67547374ad000cc7448c",40,"Male"
"450","DEM",45.2,41.6,"polit","60d4ecd22def4bbd52671db2",52,"Female"
"451","DEM",12,13.6,"polit","5dd4c2f2390fb648f7baf4d2",25,"Female"
"452","DEM",100,100,"polit","64060f1213c5c70c63c18b96",48,"Female"
"453","DEM",40.2,42.2,"polit","5e5291ff6c3d7d2a79ec869e",33,"Female"
"454","DEM",22,25.2,"polit","5dd3cfb7b103ee3b428185b2",55,"Female"
"455","DEM",39.8,29.6,"polit","5fd79aba1833640f79ffd07d",31,"Male"
"456","DEM",66,67.4,"polit","63d31b44050f25d498f32cd1",63,"Female"
"457","DEM",20.8,23.2,"polit","628baa5c09f46c1d7a6bb293",29,"Male"
"458","DEM",90,90,"polit","61158307f458b7195b6e34e7",26,"Male"
"459","DEM",100,100,"polit","62ceba5fdab49dfc90278cbb",24,"Female"
"460","DEM",25.8,20.2,"polit","629e1261dc860cbee1a8be12",38,"Female"
"461","DEM",95.4,93.8,"polit","595d6ad8833cb200015429e1",27,"Male"
"462","DEM",82.8,83.4,"polit","5c76fcf237d77b00168b4d85",42,"Female"
"463","DEM",26.4,27.4,"polit","56f28d7ced0cf6000b910704",34,"Female"
"464","DEM",87.8,87.4,"polit","63d3fbf6aca63e00ed85d00a",33,"Female"
"465","DEM",75.8,75,"polit","558955ebfdf99b6bd06016c9",32,"Male"
"466","DEM",1.2,1.6,"polit","6010d8a55ccbc64789fcbd03",33,"Non-binary / third gender"
"467","DEM",60,60,"polit","6111502e4dba0ac8447e8c28",40,"Female"
"468","DEM",88.2,87,"polit","6400d9e5ade83b19242a9a4e",42,"Female"
"469","DEM",93,93.6,"polit","63d7e469c2a30fc463e06b5d",39,"Male"
"470","DEM",0,0,"polit","5e5b1f34634c7231001c549f",19,"Male"
"471","DEM",0,0.2,"polit","5b60ddcc6b25590001782ce4",27,"Male"
"472","DEM",52.2,52,"polit","5adcefb65f327e0001fb4c05",41,"Male"
"473","DEM",47.6,46.2,"polit","60c433a4f78e97b5ef1ce71b",47,"Female"
"474","DEM",0,0,"polit","640b129fbdcd3bb1c4f1f7fe",31,"Male"
"475","REP",0,0,"polit","63f2261685a2effaa7a16de6",61,"Female"
"476","REP",64.6,60,"polit","5dccd7bce2633196132b36e3",27,"Male"
"477","REP",0,0,"polit","633eb584ec1a3cf0efdc2563",36,"Male"
"478","REP",100,100,"polit","63c173a52e1ba7078e5fd2c0",59,"Male"
"479","REP",8.2,8,"polit","5c95493ddd325800166f838a",41,"Female"
"480","REP",3.6,3.2,"polit","6291861f8937c6bd60637cf8",36,"Male"
"481","REP",4.2,4.2,"polit","5df57ac22b12bd3e33a4efba",27,"Male"
"482","REP",61.4,61.2,"polit","5f78ffb7859b2e500488f5d1",51,"Male"
"483","REP",1,0.2,"polit","5e93738e5156380617967010",39,"Male"
"484","REP",67.2,66.2,"polit","63efd2be78899d81e1eeafdd",27,"Male"
"485","REP",25.8,28.8,"polit","5ca24b9ceb041e00152164f0",49,"Female"
"486","REP",71,65,"polit","5b5fd1763131440001074d59",28,"Male"
"487","REP",3.6,4,"polit","5e83fab3555210152b82004f",29,"Male"
"488","REP",92.4,92.4,"polit","55e5d5fdc70c7a000b2a5bac",42,"Female"
"489","REP",1.8,2.4,"polit","60b7c559803665ec56ca8b2c",49,"Female"
"490","REP",72.8,72.8,"polit","5fe508e86079e12a8a3b2427",31,"Male"
"491","REP",34,36.2,"polit","5d094021c79e5a001a796b43",37,"Male"
"492","REP",34.2,35.6,"polit","5dcc3ec7db13278d75c8622f",37,"Female"
"493","REP",0,0,"polit","5d4345e9be616d0001f786cd",40,"Male"
"494","REP",28.8,21,"polit","6324d39a34afdb6e1f9e5b59",41,"Female"
"495","REP",0,0,"polit","63624e53b014a5fc8b293253",54,"Male"
"496","REP",9.8,10.4,"polit","5904f5ca56cdc40001bc5629",32,"Male"
"497","REP",21.6,22.2,"polit","640263551c578599ce18288e",53,"Female"
"498","REP",69.4,67.6,"polit","628e987eb6b92cdc713ee965",22,"Male"
"499","REP",96,90,"polit","63804d105c37525d499b9c6c",59,"Female"
"500","REP",1.6,1.4,"polit","60dfd857e293a99dd577f4c8",65,"Female"
"501","REP",31.6,26.8,"polit","5c574d3f53fba80001bd302e",32,"Female"
"502","REP",89.8,89.4,"polit","5dcc948ed9873592337ae827",62,"Female"
"503","REP",90,86.4,"polit","56d89fc04a9be10005541745",61,"Female"
"504","REP",3.8,5.6,"polit","62853fe01fa0d21c4daacfcb",26,"Male"
"505","REP",80,80,"polit","6287748198aa98c765deff27",47,"Female"
"506","REP",100,99.8,"polit","63fde5d117a85c5561fa0c54",46,"Female"
"507","REP",25,25,"polit","62c3430ae19d78462af9e743",37,"Male"
"508","REP",100,100,"polit","6266a561df47547b5757a9fb",51,"Male"
"509","REP",0.2,0,"polit","639b9ab341f4429b1b3c06a2",55,"Male"
"510","REP",0,0.2,"polit","5d67476c0ca617001699fe7a",32,"Female"
"511","REP",89,89,"polit","63fc11800831186660b045ca",49,"Female"
"512","REP",0,0,"polit","5c3399d8cb218a000176c6c6",36,"Male"
"513","REP",0,0,"polit","5e8ccdf9b3423e07b04b4853",45,"Female"
"514","REP",0,0,"polit","5b9845dfae52a00001482c02",37,"Male"
"515","REP",0,0,"polit","6431c58ce5be91cd5c2c5d8f",53,"Male"
"516","REP",0,0,"polit","62f18c2d37a5f255f351b61d",49,"Male"
"517","REP",1,1,"polit","5f179bd584e8e802ef9c187d",50,"Male"
"518","REP",28.6,19.6,"polit","5d00163d9f497e00191a609c",31,"Male"
"519","REP",11.4,11.4,"polit","5de7c6d448241d73d36ceaef",60,"Male"
"520","REP",24,24,"polit","5589c7cefdf99b18bd86cf31",40,"Male"
"521","REP",8.6,11.2,"polit","58642f4de16d530001b34622",63,"Male"
"522","REP",0.6,0,"polit","62e0629e7fbb8a1907dade0e",40,"Male"
"523","REP",96.4,94.2,"polit","63efca90a5b7368e8467f832",56,"Female"
"524","REP",52.8,52.4,"polit","5dd2f94a238a913096c52317",41,"Female"
"525","REP",100,100,"polit","610c56ddc029efbacb229c71",56,"Female"
"526","REP",0,0,"polit","63d3fec908b40217bbd48993",34,"Male"
"527","REP",4,11.6,"polit","5e69262252db1208dd701f0d",48,"Male"
"528","REP",60,59.2,"polit","60d54e6c7c07f25c5b751491",38,"Female"
"529","REP",19.4,19.2,"polit","5694e7b5e0c800000b5a3841",49,"Male"
"530","REP",48,54,"polit","63d829b1cfe7269141a85156",21,"Male"
"531","REP",67,66.8,"polit","629f635b502fb63b91605574",39,"Female"
"532","REP",58,59,"polit","628f0d7e3055b5d1887916c5",30,"Male"
"533","REP",0,0,"polit","5dbbfa90c486791b1bd03292",23,"Male"
"534","REP",13.6,13.6,"polit","63dd1760266cd299e94eaad9",49,"Male"
"535","REP",47.4,48,"polit","641a604be613385009dd72db",29,"Male"
"536","REP",72,74.4,"polit","5e23b44828b7b6649cc848c1",24,"Male"
"537","REP",31.2,36.4,"polit","610bf7cca8927ab1b8e4fd25",25,"Female"
"538","REP",1.8,1.4,"polit","63ecff07b619306f41db42fa",32,"Male"
"539","REP",100,100,"polit","6134d8a566bc3dffe880e879",40,"Female"
"540","REP",66.4,65,"polit","5fd18d125e1f92195b1717bc",26,"Male"
"541","REP",0,0,"polit","5e1371f92b12bd9a96c2d902",42,"Female"
"542","REP",60,60,"polit","62a75470509271854b9901f2",27,"Male"
"543","REP",0.8,1,"polit","60fde4dee9fab6ac2c315eed",20,"Female"
"544","REP",62.8,62.6,"polit","63f799d2960e7d0495eb1726",34,"Male"
"545","REP",100,97.6,"polit","636da58a0d76bbb9167dbf3e",39,"Female"
"546","REP",29,29,"polit","63d2a4b549eb02187fd40092",37,"Male"
"547","REP",10,10,"polit","609a5974625e18ab158c9a3e",61,"Male"
"548","REP",100,100,"polit","6266aa7132e3a5bf1631ac1b",52,"Female"
"549","REP",4,1.4,"polit","61087e4fc006ee7d6be38641",28,"Male"
"550","REP",12.4,12.6,"polit","62f15a6bb44b71fa2124f45a",65,"Male"
"551","REP",59,56.4,"polit","55519750fdf99b7f2114cc3e",33,"Male"
"552","REP",8,8.4,"polit","60fda2252557994ece9c4cc9",21,"Female"
"553","REP",78.2,86.8,"polit","633fce40238b274171326345",28,"Non-binary / third gender"
"554","REP",4,3.2,"polit","6272923eedb5716b8b254954",42,"Female"
"555","REP",8.2,9.4,"polit","6438a96ad9b71b42fb842b16",64,"Female"
"556","REP",27.6,28.8,"polit","63c487fa9db90581d57dc017",1990,"Male"
"557","REP",59.2,62.2,"polit","63e52fbcbe9375c4e310bec4",45,"Female"
"558","REP",45.6,48.4,"polit","5db753692a16b8000b4d44f6",23,"Male"
"559","REP",29.2,28.8,"polit","56f29effed0cf60006911528",46,"Male"
"560","REP",36.6,25.2,"polit","5f3d6975ef131710ed519c7a",34,"Male"
"561","REP",0.2,0,"polit","60f998b6c4b98974b766eb98",28,"Male"
"562","REP",17,19.8,"polit","5bbc18010cb04c00015025ce",34,"Female"
"563","REP",80.4,75.8,"polit","60ccbffae161aadb1880ad6c",34,"Female"
"564","REP",0,0,"polit","62911a82ead4bc61607aa7d8",35,"Male"
"565","REP",16.8,13.2,"polit","5f4813c94e8b081877fb26a6",32,"Male"
"566","REP",0,0,"polit","581b738a930a280001062c6a",36,"Female"
"567","REP",6.8,6,"polit","5be769f53b047e0001a39b01",63,"Female"
"568","REP",65.4,72.4,"polit","6418e8c6ef7880fc4c6de050",35,"Male"
"569","REP",71.2,57.8,"polit","63f77b9ca8439f6e1620c1cd",37,"Male"
"570","REP",49.4,51.2,"polit","62a1e0fa590f6a0427492e41",44,"Male"
